cell_name,num_sisters
Run1_C_153,1
Run1_C_127,1
Run1_C_51,1
Run1_C_126,1
Run1_C_75,1
Run1_C_145,2
Run1_C_140,1
Run1_C_144,1
Run1_C_61,2
Run1_C_141,1
Run1_C_60,1
Run1_C_190,1
Run1_C_33,1
Run1_C_168,1
Run1_C_169,1
Run1_C_174,1
Run1_C_175,1
Run1_C_111,1
Run1_C_66,1
Run1_C_110,1
Run1_C_94,1
Run1_C_191,1
Run1_C_103,1
Run1_C_70,1
Run1_C_113,1
Run1_C_125,2
Run1_C_129,2
Run1_C_128,2
Run1_C_178,1
Run1_C_147,1
Run1_C_179,1
Run1_C_161,1
Run1_C_182,2
Run1_C_93,2
Run1_C_183,2
Run1_C_112,1
Run1_C_86,1
Run1_C_77,1
Run1_C_170,1
Run1_C_167,1
Run1_C_132,1
Run1_C_133,1
Run1_C_138,1
Run1_C_156,1
Run1_C_159,1
Run1_C_165,1
Run1_C_166,1
Run1_C_130,1
Run1_C_185,2
Run1_C_69,2
Run1_C_184,2
Run1_C_189,2
Run1_C_171,2
Run1_C_36,1
Run1_C_188,1
Run1_C_87,1
Run1_C_65,3
Run1_C_80,3
Run1_C_81,1
Run1_C_45,1
Run1_C_35,3
Run1_C_186,1
Run1_C_195,1
Run1_C_199,1
Run1_C_177,1
Run1_C_148,1
Run1_C_194,1
Run1_C_149,1
Run1_C_118,1
Run1_C_97,1
Run1_C_198,1
Run1_C_155,1
Run1_C_154,1
Run1_C_122,1
Run1_C_27,1
Run1_C_187,1
Run1_C_164,1
Run1_C_82,1
Run1_C_101,1
Run1_C_150,1
Run1_C_151,1
Run1_C_108,1
Run1_C_172,1
Run1_C_90,1
Run1_C_91,1
Run1_C_83,1
Run1_C_136,2
Run1_C_72,2
Run1_C_73,2
Run1_C_158,1
Run1_C_196,1
Run1_C_197,1
Run1_C_143,2
Run1_C_98,1
Run1_C_181,1
Run1_C_142,2
Run1_C_192,1
Run1_C_193,1
Run1_C_152,1
Run1_C_163,1
