index,cellname
0,Run1_C_93
1,Run1_C_78
2,Run1_C_173
4,Run1_C_119
5,Run1_C_157
6,Run1_C_163
7,Run1_C_65
8,Run1_C_123
9,Run1_C_169
99,Run1_C_141
70,Run1_C_88
11,Run1_C_61
12,Run1_C_34
13,Run1_C_152
14,Run1_C_199
15,Run1_C_137
16,Run1_C_190
17,Run1_C_180
18,Run1_C_69
19,Run1_C_51
20,Run1_C_54
21,Run1_C_188
22,Run1_C_84
23,Run1_C_130
87,Run1_C_194
25,Run1_C_140
26,Run1_C_189
27,Run1_C_57
28,Run1_C_156
29,Run1_C_128
30,Run1_C_132
31,Run1_C_162
32,Run1_C_98
33,Run1_C_160
34,Run1_C_186
35,Run1_C_111
36,Run1_C_48
37,Run1_C_8
38,Run1_C_182
39,Run1_C_155
40,Run1_C_198
41,Run1_C_101
42,Run1_C_144
43,Run1_C_138
44,Run1_C_143
45,Run1_C_174
46,Run1_C_184
91,Run1_C_100
48,Run1_C_191
49,Run1_C_197
50,Run1_C_97
51,Run1_C_50
52,Run1_C_185
53,Run1_C_168
54,Run1_C_179
55,Run1_C_181
56,Run1_C_195
57,Run1_C_118
58,Run1_C_112
59,Run1_C_70
60,Run1_C_177
61,Run1_C_80
62,Run1_C_103
63,Run1_C_124
64,Run1_C_183
66,Run1_C_164
67,Run1_C_192
3,Run1_C_92
69,Run1_C_147
10,Run1_C_133
71,root
72,Run1_C_121
73,Run1_C_60
74,Run1_C_149
75,Run1_C_117
68,Run1_C_42
76,Run1_C_175
77,Run1_C_102
96,Run1_C_196
79,Run1_C_154
80,Run1_C_135
81,Run1_C_136
82,Run1_C_145
83,Run1_C_176
84,Run1_C_166
85,Run1_C_96
86,Run1_C_159
24,Run1_C_161
88,Run1_C_94
90,Run1_C_187
100,Run1_C_139
47,Run1_C_146
92,Run1_C_165
93,Run1_C_131
94,Run1_C_178
95,Run1_C_158
78,Run1_C_76
97,Run1_C_170
98,Run1_C_167
89,Run1_C_47
65,Run1_C_110
